companyname,companywebsite
Credit Acceptance,creditacceptance.com
Janus Henderson Investors,janushenderson.com
BetaNXT,betanxt.com
Synchrony,synchrony.com
Associated Bank,associatedbank.com
Liberty Bank,liberty-bank.com
Texas Capital Bank,texascapitalbank.com
Ally Financial,ally.com
Flex,getflex.com
SEI Investments,seic.com
The Liberty Company Insurance Brokers,libertycompany.com
KlariVis,klarivis.com
Ramp,ramp.com
Brex,brex.com
Chime,chime.com
Oscar Health,hioscar.com
Guardian Life,guardianlife.com
Tebra,tebra.com
OUTFRONT Media,outfront.com
The Washington Post,washingtonpost.com
